weather_date,temp_high,temp_low,average,precipitation
2018-01-01,1,-9,-4,0
2018-01-02,8,-9,-0.5,0
2018-01-03,17,6,11.5,0
2018-01-04,12,0,6,0
2018-01-05,11,-1,5,0
2018-01-06,17,-2,7.5,0
2018-01-07,33,8,20.5,0.03
2018-01-08,37,31,34,0
2018-01-09,36,26,31,0
2018-01-10,56,30,43,0.01
2018-01-11,59,23,41,0.36
2018-01-12,23,14,18.5,0
2018-01-13,16,6,11,0
2018-01-14,21,5,13,0.08
2018-01-15,24,10,17,0.14
2018-01-16,26,9,17.5,0.01
2018-01-17,20,4,12,0
2018-01-18,32,16,24,0
2018-01-19,40,28,34,0
2018-01-20,45,32,38.5,0
2018-01-21,44,36,40,0
2018-01-22,54,38,46,0.81
2018-01-23,39,28,33.5,0.07
2018-01-24,30,27,28.5,0.02
2018-01-25,43,24,33.5,0
2018-01-26,51,33,42,0
2018-01-27,50,36,43,0
2018-01-28,40,28,34,0.01
2018-01-29,30,17,23.5,0
2018-01-30,31,15,23,0
2018-01-31,42,31,36.5,0
2018-02-01,35,8,21.5,0
2018-02-02,22,5,13.5,0
2018-02-03,41,22,31.5,0.03
2018-02-04,35,4,19.5,0.08
2018-02-05,12,-3,4.5,0.22
2018-02-06,21,3,12,0.02
2018-02-07,20,8,14,0.11
2018-02-08,21,7,14,0.15
2018-02-09,28,18,23,0.57
2018-02-10,22,14,18,0.05
2018-02-11,22,11,16.5,0.39
2018-02-12,27,4,15.5,0
2018-02-13,35,7,21,0
2018-02-14,44,24,34,0
2018-02-15,48,38,43,0
2018-02-16,37,20,28.5,0
2018-02-17,35,17,26,0.11
2018-02-18,41,12,26.5,0.02
2018-02-19,60,37,48.5,0.52
2018-02-20,66,34,50,2.1
2018-02-21,34,27,30.5,0.04
2018-02-22,40,29,34.5,0
2018-02-23,44,33,38.5,0.06
2018-02-24,50,33,41.5,0.16
2018-02-25,50,34,42,0.01
2018-02-26,53,28,40.5,0
2018-02-27,62,39,50.5,0
2018-02-28,59,37,48,0
2018-03-01,46,34,40,0.81
2018-03-02,48,30,39,0
2018-03-03,43,33,38,0
2018-03-04,46,32,39,0
2018-03-05,40,33,36.5,0.11
2018-03-06,41,31,36,0.07
2018-03-07,34,25,29.5,0
2018-03-08,34,24,29,0
2018-03-09,41,23,32,0
2018-03-10,41,23,32,0
2018-03-11,40,28,34,0
2018-03-12,46,30,38,0
2018-03-13,35,19,27,0.22
2018-03-14,48,22,35,0
2018-03-15,50,28,39,0
2018-03-16,38,29,33.5,0
2018-03-17,46,30,38,0
2018-03-18,57,27,42,0
2018-03-19,46,33,39.5,0
2018-03-20,37,29,33,0
2018-03-21,40,25,32.5,0
2018-03-22,50,22,36,0
2018-03-23,43,25,34,0
2018-03-24,40,32,36,0
2018-03-25,41,27,34,0
2018-03-26,53,31,42,0.23
2018-03-27,51,39,45,0.15
2018-03-28,54,39,46.5,0.01
2018-03-29,50,35,42.5,0.05
2018-03-30,49,33,41,0
2018-03-31,58,32,45,0.09
2018-04-01,35,24,29.5,0
2018-04-02,44,21,32.5,0
2018-04-03,40,34,37,0.2
2018-04-04,35,26,30.5,0.01
2018-04-05,42,23,32.5,0.07
2018-04-06,38,25,31.5,0
2018-04-07,39,20,29.5,0
2018-04-08,39,21,30,0.01
2018-04-09,39,30,34.5,0.13
2018-04-10,46,28,37,0
2018-04-11,66,39,52.5,0.05
2018-04-12,73,42,57.5,0.03
2018-04-13,47,39,43,0.07
2018-04-14,39,36,37.5,0.96
2018-04-15,37,28,32.5,0.74
2018-04-16,35,27,31,0.01
2018-04-17,43,29,36,0
2018-04-18,37,30,33.5,0.41
2018-04-19,55,31,43,0.01
2018-04-20,61,31,46,0
2018-04-21,55,39,47,0
2018-04-22,62,42,52,0
2018-04-23,63,43,53,0
2018-04-24,65,48,56.5,0
2018-04-25,53,38,45.5,0
2018-04-26,66,36,51,0
2018-04-27,58,39,48.5,0.02
2018-04-28,50,33,41.5,0
2018-04-29,59,31,45,0
2018-04-30,80,40,60,0
2018-05-01,86,60,73,0
2018-05-02,86,63,74.5,1.32
2018-05-03,70,54,62,0.57
2018-05-04,74,61,67.5,0
2018-05-05,82,57,69.5,0
2018-05-06,68,50,59,0
2018-05-07,75,46,60.5,0
2018-05-08,81,57,69,0
2018-05-09,81,57,69,0.25
2018-05-10,73,50,61.5,0
2018-05-11,52,45,48.5,0.04
2018-05-12,50,44,47,0.33
2018-05-13,67,45,56,0.91
2018-05-14,83,53,68,1.54
2018-05-15,71,51,61,0
2018-05-16,79,47,63,0
2018-05-17,69,52,60.5,0
2018-05-18,65,52,58.5,0.1
2018-05-19,69,54,61.5,0.02
2018-05-20,55,44,49.5,0.27
2018-05-21,64,49,56.5,1.96
2018-05-22,67,54,60.5,0
2018-05-23,80,52,66,0
2018-05-24,87,58,72.5,0
2018-05-25,89,67,78,0
2018-05-26,90,70,80,0
2018-05-27,97,70,83.5,0
2018-05-28,95,70,82.5,0
2018-05-29,87,66,76.5,0
2018-05-30,86,67,76.5,0.9
2018-05-31,89,69,79,0
2018-06-01,76,53,64.5,0
2018-06-02,70,52,61,0.31
2018-06-03,78,60,69,0
2018-06-04,80,55,67.5,0
2018-06-05,72,54,63,0.01
2018-06-06,79,48,63.5,0.1
2018-06-07,81,60,70.5,0
2018-06-08,73,59,66,0
2018-06-09,82,57,69.5,1.31
2018-06-10,71,60,65.5,1.34
2018-06-11,70,61,65.5,0.1
2018-06-12,80,62,71,0
2018-06-13,81,64,72.5,0
2018-06-14,81,64,72.5,0
2018-06-15,89,64,76.5,0
2018-06-16,92,69,80.5,0.65
2018-06-17,93,78,85.5,0
2018-06-18,95,66,80.5,0.36
2018-06-19,81,63,72,0.02
2018-06-20,77,65,71,0
2018-06-21,67,62,64.5,1.41
2018-06-22,64,59,61.5,1.23
2018-06-23,81,62,71.5,0
2018-06-24,80,64,72,0
2018-06-25,78,61,69.5,0
2018-06-26,84,66,75,0.76
2018-06-27,80,69,74.5,0.03
2018-06-28,88,68,78,0
2018-06-29,96,73,84.5,0
2018-06-30,94,80,87,0
2018-07-01,94,76,85,0.24
2018-07-02,85,69,77,0
2018-07-03,89,63,76,0
2018-07-04,93,76,84.5,0.01
2018-07-05,92,74,83,0.02
2018-07-06,75,64,69.5,0
2018-07-07,82,59,70.5,0
2018-07-08,88,63,75.5,0
2018-07-09,91,67,79,0
2018-07-10,87,71,79,0
2018-07-11,87,67,77,0
2018-07-12,87,70,78.5,0
2018-07-13,95,72,83.5,0
2018-07-14,82,72,77,0.26
2018-07-15,91,72,81.5,0
2018-07-16,93,72,82.5,0.08
2018-07-17,81,68,74.5,0
2018-07-18,80,63,71.5,0
2018-07-19,87,67,77,0.03
2018-07-20,78,70,74,0.15
2018-07-21,79,69,74,0.12
2018-07-22,76,67,71.5,0.13
2018-07-23,82,65,73.5,0
2018-07-24,88,66,77,0
2018-07-25,90,67,78.5,0
2018-07-26,81,66,73.5,0.03
2018-07-27,79,62,70.5,0
2018-07-28,82,61,71.5,0
2018-07-29,83,62,72.5,0.07
2018-07-30,82,62,72,0
2018-07-31,80,66,73,0
2018-08-01,85,63,74,0
2018-08-02,85,70,77.5,0
2018-08-03,89,67,78,0
2018-08-04,97,71,84,0
2018-08-05,94,75,84.5,0
2018-08-06,81,69,75,0.34
2018-08-07,83,69,76,2.36
2018-08-08,85,69,77,0
2018-08-09,89,69,79,0.43
2018-08-10,83,70,76.5,0
2018-08-11,88,68,78,0
2018-08-12,87,70,78.5,0
2018-08-13,89,66,77.5,0
2018-08-14,87,71,79,0
2018-08-15,85,73,79,0.01
2018-08-16,86,69,77.5,0.5
2018-08-17,85,68,76.5,0.11
2018-08-18,80,70,75,0
2018-08-19,86,68,77,0
2018-08-20,79,69,74,0.82
2018-08-21,78,66,72,0.13
2018-08-22,79,58,68.5,0
2018-08-23,80,60,70,0
2018-08-24,72,63,67.5,0.04
2018-08-25,86,66,76,0.06
2018-08-26,93,72,82.5,0
2018-08-27,93,78,85.5,0
2018-08-28,91,67,79,1.39
2018-08-29,76,65,70.5,0.42
2018-08-30,73,61,67,0
2018-08-31,85,60,72.5,0
2018-09-01,86,72,79,0.16
2018-09-02,91,70,80.5,0.02
2018-09-03,88,70,79,1.79
2018-09-04,92,71,81.5,0
2018-09-05,91,69,80,0.24
2018-09-06,69,64,66.5,0.53
2018-09-07,69,63,66,0.3
2018-09-08,69,63,66,0
2018-09-09,68,60,64,0
2018-09-10,74,56,65,0
2018-09-11,79,57,68,0
2018-09-12,82,61,71.5,0
2018-09-13,78,60,69,0
2018-09-14,87,64,75.5,0
2018-09-15,82,64,73,0
2018-09-16,89,66,77.5,0
2018-09-17,91,69,80,0
2018-09-18,75,66,70.5,0
2018-09-19,76,66,71,0.21
2018-09-20,93,66,79.5,0
2018-09-21,83,56,69.5,0
2018-09-22,64,51,57.5,0
2018-09-23,71,50,60.5,0
2018-09-24,74,57,65.5,0
2018-09-25,84,61,72.5,0.25
2018-09-26,67,50,58.5,0
2018-09-27,70,48,59,0
2018-09-28,60,46,53,0.07
2018-09-29,61,42,51.5,0.02
2018-09-30,62,53,57.5,0.06
2018-10-01,72,57,64.5,1.56
2018-10-02,67,58,62.5,0.01
2018-10-03,88,59,73.5,0
2018-10-04,77,52,64.5,0.04
2018-10-05,65,54,59.5,1.24
2018-10-06,70,57,63.5,0.12
2018-10-07,63,57,60,0.52
2018-10-08,85,63,74,0.15
2018-10-09,85,70,77.5,0.01
2018-10-10,75,51,63,0.35
2018-10-11,51,40,45.5,0
2018-10-12,42,36,39,0
2018-10-13,53,32,42.5,0
2018-10-14,54,38,46,0.07
2018-10-15,48,37,42.5,0.1
2018-10-16,59,34,46.5,0
2018-10-17,51,38,44.5,0
2018-10-18,58,34,46,0
2018-10-19,54,46,50,0.03
2018-10-20,51,31,41,0
2018-10-21,51,28,39.5,0
2018-10-22,64,38,51,0
2018-10-23,54,38,46,0
2018-10-24,52,37,44.5,0
2018-10-25,53,37,45,0
2018-10-26,53,46,49.5,0
2018-10-27,54,43,48.5,0
2018-10-28,51,44,47.5,0.12
2018-10-29,56,40,48,0
2018-10-30,64,45,54.5,0.3
2018-10-31,61,47,54,0.17
2018-11-01,52,43,47.5,0
2018-11-02,50,37,43.5,0
2018-11-03,50,34,42,0.06
2018-11-04,52,46,49,0.54
2018-11-05,51,44,47.5,0.37
2018-11-06,50,38,44,0.06
2018-11-07,39,33,36,0
2018-11-08,41,33,37,0
2018-11-09,37,20,28.5,0.13
2018-11-10,33,20,26.5,0
2018-11-11,41,28,34.5,0
2018-11-12,34,24,29,0
2018-11-13,29,19,24,0
2018-11-14,36,17,26.5,0
2018-11-15,35,26,30.5,0.09
2018-11-16,41,29,35,0
2018-11-17,35,32,33.5,0.13
2018-11-18,38,25,31.5,0
2018-11-19,34,23,28.5,0
2018-11-20,35,29,32,0
2018-11-21,36,30,33,0
2018-11-22,40,31,35.5,0
2018-11-23,51,34,42.5,0.04
2018-11-24,47,40,43.5,0.18
2018-11-25,40,33,36.5,1.2
2018-11-26,33,24,28.5,0.39
2018-11-27,25,19,22,0
2018-11-28,27,17,22,0.05
2018-11-29,38,27,32.5,0
2018-11-30,42,28,35,0
2018-12-01,42,36,39,1.13
2018-12-02,44,35,39.5,0.1
2018-12-03,35,29,32,0.01
2018-12-04,32,28,30,0
2018-12-05,33,25,29,0
2018-12-06,33,19,26,0
2018-12-07,25,16,20.5,0
2018-12-08,32,20,26,0
2018-12-09,35,17,26,0
2018-12-10,34,16,25,0
2018-12-11,38,25,31.5,0
2018-12-12,41,29,35,0
2018-12-13,46,24,35,0.15
2018-12-14,40,32,36,0.13
2018-12-15,46,26,36,0
2018-12-16,49,25,37,0
2018-12-17,42,28,35,0
2018-12-18,42,25,33.5,0
2018-12-19,49,33,41,0
2018-12-20,46,38,42,0.1
2018-12-21,38,29,33.5,0.05
2018-12-22,34,28,31,0
2018-12-23,38,28,33,0
2018-12-24,33,23,28,0
2018-12-25,45,28,36.5,0
2018-12-26,47,26,36.5,0
2018-12-27,53,39,46,0.66
2018-12-28,53,30,41.5,0.08
2018-12-29,30,22,26,0.05
2018-12-30,36,19,27.5,0
2018-12-31,39,31,35,0.86
2019-01-01,34,26,30,0.01
2019-01-02,30,26,28,0.01
2019-01-03,38,24,31,0
2019-01-04,48,31,39.5,0
2019-01-05,52,32,42,0
2019-01-06,40,30,35,0
2019-01-07,53,40,46.5,0.44
2019-01-08,45,24,34.5,0
2019-01-09,24,15,19.5,0
2019-01-10,24,14,19,0
2019-01-11,30,17,23.5,0
2019-01-12,32,29,30.5,0.12
2019-01-13,31,25,28,0.01
2019-01-14,27,23,25,0
2019-01-15,32,24,28,0
2019-01-16,34,28,31,0
2019-01-17,35,28,31.5,0
2019-01-18,31,27,29,0.12
2019-01-19,28,11,19.5,0.18
2019-01-20,14,4,9,0
2019-01-21,17,3,10,0
2019-01-22,33,13,23,0.18
2019-01-23,34,19,26.5,0.22
2019-01-24,22,2,12,0
2019-01-25,5,-6,-0.5,0.03
2019-01-26,12,-7,2.5,0.06
2019-01-27,11,-5,3,0
2019-01-28,34,8,21,0.53
2019-01-29,10,-10,0,0
2019-01-30,-10,-23,-16.5,0
2019-01-31,1,-21,-10,0.05
2019-02-01,21,1,11,0.02
2019-02-02,42,14,28,0
2019-02-03,48,39,43.5,0
2019-02-04,51,30,40.5,0.05
2019-02-05,33,24,28.5,0.31
2019-02-06,36,32,34,0.01
2019-02-07,44,10,27,0.71
2019-02-08,13,4,8.5,0
2019-02-09,24,4,14,0
2019-02-10,28,22,25,0.04
2019-02-11,31,27,29,0.19
2019-02-12,34,19,26.5,0.35
2019-02-13,27,10,18.5,0.01
2019-02-14,50,27,38.5,0
2019-02-15,32,8,20,0
2019-02-16,29,13,21,0
2019-02-17,27,24,25.5,0.2
2019-02-18,31,18,24.5,0.06
2019-02-19,35,12,23.5,0
2019-02-20,38,28,33,0.09
2019-02-21,35,24,29.5,0
2019-02-22,41,19,30,0
2019-02-23,53,34,43.5,0.75
2019-02-24,50,10,30,0.02
2019-02-25,19,6,12.5,0
2019-02-26,23,13,18,0
2019-02-27,30,14,22,0
2019-02-28,27,11,19,0
2019-03-01,34,23,28.5,0
2019-03-02,33,25,29,0
2019-03-03,25,3,14,0
2019-03-04,12,-3,4.5,0
2019-03-05,21,8,14.5,0
2019-03-06,30,9,19.5,0
2019-03-07,28,14,21,0
2019-03-08,39,21,30,0
2019-03-09,43,26,34.5,0.56
2019-03-10,38,29,33.5,0
2019-03-11,41,27,34,0
2019-03-12,49,24,36.5,0
2019-03-13,58,40,49,0.54
2019-03-14,62,39,50.5,0.4
2019-03-15,40,32,36,0
2019-03-16,41,28,34.5,0
2019-03-17,43,28,35.5,0
2019-03-18,43,27,35,0
2019-03-19,49,30,39.5,0
2019-03-20,44,38,41,0.14
2019-03-21,45,36,40.5,0
2019-03-22,46,29,37.5,0
2019-03-23,53,25,39,0
2019-03-24,50,34,42,0.05
2019-03-25,42,26,34,0
2019-03-26,48,23,35.5,0
2019-03-27,59,29,44,0.01
2019-03-28,65,44,54.5,0
2019-03-29,57,37,47,0.32
2019-03-30,45,29,37,0.07
2019-03-31,40,23,31.5,0
2019-04-01,49,26,37.5,0
2019-04-02,55,39,47,0
2019-04-03,58,37,47.5,0
2019-04-04,47,39,43,0.25
2019-04-05,57,39,48,0
2019-04-06,66,39,52.5,0
2019-04-07,67,51,59,0.39
2019-04-08,73,52,62.5,0
2019-04-09,66,39,52.5,0
2019-04-10,39,34,36.5,0.13
2019-04-11,56,37,46.5,0.28
2019-04-12,51,38,44.5,0.07
2019-04-13,52,35,43.5,0
2019-04-14,39,32,35.5,0.69
2019-04-15,52,31,41.5,0
2019-04-16,73,45,59,0
2019-04-17,77,44,60.5,0
2019-04-18,65,44,54.5,0.31
2019-04-19,51,41,46,0
2019-04-20,64,36,50,0
2019-04-21,77,44,60.5,0
2019-04-22,80,58,69,0.02
2019-04-23,65,49,57,0
2019-04-24,64,42,53,0
2019-04-25,67,46,56.5,0.19
2019-04-26,63,49,56,0.02
2019-04-27,49,32,40.5,0.79
2019-04-28,52,31,41.5,0
2019-04-29,51,43,47,1.58
2019-04-30,47,38,42.5,1.3
2019-05-01,58,43,50.5,0.8
2019-05-02,47,41,44,0.61
2019-05-03,55,40,47.5,0.01
2019-05-04,63,38,50.5,0
2019-05-05,73,46,59.5,0
2019-05-06,70,45,57.5,0.05
2019-05-07,50,43,46.5,0.42
2019-05-08,68,46,57,0.32
2019-05-09,67,46,56.5,0.79
2019-05-10,58,44,51,0
2019-05-11,53,44,48.5,0.12
2019-05-12,52,42,47,0.05
2019-05-13,61,42,51.5,0
2019-05-14,71,41,56,0
2019-05-15,75,50,62.5,0
2019-05-16,77,60,68.5,0.44
2019-05-17,68,45,56.5,0.06
2019-05-18,80,44,62,0.41
2019-05-19,74,47,60.5,0.07
2019-05-20,57,45,51,0
2019-05-21,54,45,49.5,0.33
2019-05-22,82,49,65.5,0.59
2019-05-23,74,61,67.5,0.08
2019-05-24,75,54,64.5,0.26
2019-05-25,81,70,75.5,0
2019-05-26,74,54,64,0
2019-05-27,73,53,63,1.92
2019-05-28,70,52,61,0.63
2019-05-29,75,52,63.5,0.07
2019-05-30,78,60,69,0.22
2019-05-31,81,60,70.5,0
2019-06-01,80,53,66.5,0
2019-06-02,70,51,60.5,0
2019-06-03,67,49,58,0
2019-06-04,82,56,69,0.29
2019-06-05,83,59,71,0.29
2019-06-06,75,56,65.5,0
2019-06-07,78,55,66.5,0
2019-06-08,76,57,66.5,0
2019-06-09,75,63,69,0
2019-06-10,74,60,67,0
2019-06-11,82,57,69.5,0
2019-06-12,71,52,61.5,0.75
2019-06-13,68,51,59.5,0.05
2019-06-14,80,52,66,0.05
2019-06-15,70,54,62,0.02
2019-06-16,60,54,57,0.07
2019-06-17,67,55,61,0
2019-06-18,78,54,66,0
2019-06-19,72,56,64,0.18
2019-06-20,71,54,62.5,0.28
2019-06-21,72,52,62,0
2019-06-22,79,58,68.5,0
2019-06-23,81,63,72,0.38
2019-06-24,78,66,72,0.17
2019-06-25,85,62,73.5,0.14
2019-06-26,89,68,78.5,0.15
2019-06-27,89,68,78.5,0.02
2019-06-28,90,71,80.5,0.01
2019-06-29,87,69,78,0
2019-06-30,91,70,80.5,0.2
2019-07-01,89,69,79,0
2019-07-02,92,74,83,0.01
2019-07-03,86,69,77.5,0.41
2019-07-04,91,70,80.5,0
2019-07-05,91,73,82,0.47
2019-07-06,83,67,75,0
2019-07-07,77,64,70.5,0
2019-07-08,83,60,71.5,0
2019-07-09,88,61,74.5,0
2019-07-10,94,75,84.5,0.01
2019-07-11,82,65,73.5,0
2019-07-12,87,59,73,0
2019-07-13,94,72,83,0
2019-07-14,91,70,80.5,0
2019-07-15,92,74,83,0
2019-07-16,82,71,76.5,0.05
2019-07-17,92,74,83,0.47
2019-07-18,87,71,79,1.36
2019-07-19,93,81,87,0
2019-07-20,95,73,84,0.08
2019-07-21,79,67,73,0.76
2019-07-22,75,62,68.5,0
2019-07-23,80,62,71,0
2019-07-24,81,62,71.5,0
2019-07-25,85,63,74,0
2019-07-26,85,67,76,0
2019-07-27,89,71,80,0
2019-07-28,89,73,81,0
2019-07-29,82,70,76,0.32
2019-07-30,78,65,71.5,0
2019-07-31,76,59,67.5,0
2019-08-01,80,57,68.5,0
2019-08-02,83,61,72,0
2019-08-03,89,63,76,0
2019-08-04,89,70,79.5,0
2019-08-05,90,70,80,0
2019-08-06,85,67,76,0.01
2019-08-07,88,66,77,0
2019-08-08,87,67,77,0.01
2019-08-09,83,62,72.5,0
2019-08-10,86,67,76.5,0
2019-08-11,82,67,74.5,0
2019-08-12,84,71,77.5,0.5
2019-08-13,86,67,76.5,0.19
2019-08-14,83,66,74.5,0
2019-08-15,79,63,71,0
2019-08-16,84,64,74,0
2019-08-17,77,67,72,0.18
2019-08-18,82,68,75,0.86
2019-08-19,85,68,76.5,0
2019-08-20,76,68,72,0.35
2019-08-21,83,65,74,0.02
2019-08-22,76,64,70,0
2019-08-23,74,58,66,0
2019-08-24,75,60,67.5,0
2019-08-25,78,61,69.5,0
2019-08-26,76,64,70,1.4
2019-08-27,79,65,72,0
2019-08-28,75,59,67,0
2019-08-29,84,58,71,0
2019-08-30,74,59,66.5,0
2019-08-31,75,61,68,0.11
2019-09-01,73,62,67.5,0.34
2019-09-02,82,61,71.5,0
2019-09-03,80,67,73.5,0.22
2019-09-04,69,59,64,0
2019-09-05,74,56,65,0
2019-09-06,72,61,66.5,0
2019-09-07,78,56,67,0
2019-09-08,66,62,64,0.03
2019-09-09,76,62,69,0.02
2019-09-10,90,71,80.5,0
2019-09-11,89,68,78.5,0.19
2019-09-12,78,63,70.5,0.28
2019-09-13,77,62,69.5,1.35
2019-09-14,80,56,68,0.06
2019-09-15,78,63,70.5,0.43
2019-09-16,74,64,69,0
2019-09-17,78,65,71.5,0
2019-09-18,82,62,72,0
2019-09-19,83,63,73,0.01
2019-09-20,84,68,76,0
2019-09-21,78,71,74.5,0.17
2019-09-22,77,66,71.5,1.47
2019-09-23,74,59,66.5,0
2019-09-24,79,58,68.5,0
2019-09-25,79,62,70.5,0
2019-09-26,72,56,64,0
2019-09-27,69,58,63.5,2.28
2019-09-28,66,53,59.5,0.19
2019-09-29,66,60,63,0.57
2019-09-30,85,63,74,0
2019-10-01,86,68,77,0
2019-10-02,68,57,62.5,1.76
2019-10-03,67,49,58,0.57
2019-10-04,58,45,51.5,0
2019-10-05,63,48,55.5,0.27
2019-10-06,67,49,58,0
2019-10-07,69,48,58.5,0
2019-10-08,70,46,58,0
2019-10-09,70,50,60,0
2019-10-10,70,54,62,0.19
2019-10-11,67,39,53,0.59
2019-10-12,54,35,44.5,0
2019-10-13,52,37,44.5,0
2019-10-14,54,37,45.5,0
2019-10-15,62,41,51.5,0
2019-10-16,52,41,46.5,0
2019-10-17,54,40,47,0
2019-10-18,59,38,48.5,0
2019-10-19,68,44,56,0
2019-10-20,63,48,55.5,0
2019-10-21,67,50,58.5,0.05
2019-10-22,51,44,47.5,0.01
2019-10-23,58,39,48.5,0.02
2019-10-24,50,42,46,0
2019-10-25,48,37,42.5,0
2019-10-26,48,36,42,2.18
2019-10-27,58,42,50,0.04
2019-10-28,49,41,45,0
2019-10-29,45,35,40,0.15
2019-10-30,41,32,36.5,0.62
2019-10-31,33,25,29,0.31
2019-11-01,44,23,33.5,0.01
2019-11-02,42,31,36.5,0
2019-11-03,53,30,41.5,0
2019-11-04,51,38,44.5,0
2019-11-05,40,30,35,0
2019-11-06,55,29,42,0.01
2019-11-07,31,20,25.5,0
2019-11-08,32,16,24,0
2019-11-09,46,27,36.5,0
2019-11-10,43,33,38,0.04
2019-11-11,33,13,23,0.25
2019-11-12,17,7,12,0
2019-11-13,27,11,19,0
2019-11-14,30,24,27,0.01
2019-11-15,38,22,30,0
2019-11-16,42,26,34,0
2019-11-17,40,27,33.5,0.04
2019-11-18,40,34,37,0
2019-11-19,41,35,38,0.01
2019-11-20,47,38,42.5,0
2019-11-21,54,37,45.5,0.51
2019-11-22,38,28,33,0
2019-11-23,40,24,32,0
2019-11-24,50,32,41,0
2019-11-25,53,37,45,0
2019-11-26,50,32,41,0.37
2019-11-27,55,33,44,0.25
2019-11-28,37,31,34,0
2019-11-29,40,33,36.5,0
2019-11-30,40,36,38,0.37
2019-12-01,41,31,36,0.11
2019-12-02,35,29,32,0
2019-12-03,40,29,34.5,0
2019-12-04,43,31,37,0
2019-12-05,45,27,36,0
2019-12-06,42,27,34.5,0
2019-12-07,37,25,31,0
2019-12-08,47,34,40.5,0
2019-12-09,47,24,35.5,0.05
2019-12-10,24,14,19,0
2019-12-11,24,13,18.5,0
2019-12-12,45,19,32,0
2019-12-13,45,34,39.5,0
2019-12-14,35,24,29.5,0
2019-12-15,26,19,22.5,0
2019-12-16,30,24,27,0.01
2019-12-17,29,19,24,0
2019-12-18,27,10,18.5,0
2019-12-19,35,15,25,0
2019-12-20,41,23,32,0
2019-12-21,47,32,39.5,0
2019-12-22,52,33,42.5,0
2019-12-23,52,33,42.5,0
2019-12-24,55,30,42.5,0
2019-12-25,57,37,47,0
2019-12-26,61,37,49,0
2019-12-27,37,28,32.5,0
2019-12-28,48,27,37.5,0.28
2019-12-29,57,47,52,0.93
2019-12-30,47,27,37,0.09
2019-12-31,28,24,26,0.08
2020-01-01,42,21,31.5,0
2020-01-02,48,37,42.5,0
2020-01-03,41,33,37,0
2020-01-04,33,26,29.5,0.03
2020-01-05,42,24,33,0
2020-01-06,42,27,34.5,0
2020-01-07,40,28,34,0
2020-01-08,29,14,21.5,0
2020-01-09,50,23,36.5,0.02
2020-01-10,50,36,43,0.84
2020-01-11,37,25,31,0.37
2020-01-12,31,23,27,0
2020-01-13,33,31,32,0
2020-01-14,39,25,32,0
2020-01-15,36,25,30.5,0
2020-01-16,29,11,20,0
2020-01-17,29,11,20,0.37
2020-01-18,35,5,20,0.4
2020-01-19,19,2,10.5,0
2020-01-20,31,17,24,0
2020-01-21,29,15,22,0
2020-01-22,34,24,29,0
2020-01-23,34,29,31.5,0.17
2020-01-24,37,32,34.5,0.4
2020-01-25,34,32,33,0.12
2020-01-26,33,27,30,0
2020-01-27,35,27,31,0
2020-01-28,33,31,32,0
2020-01-29,34,30,32,0
2020-01-30,35,32,33.5,0
2020-01-31,37,32,34.5,0.08
2020-02-01,38,34,36,0.01
2020-02-02,52,35,43.5,0
2020-02-03,48,30,39,0
2020-02-04,39,31,35,0
2020-02-05,33,27,30,0.07
2020-02-06,30,27,28.5,0.05
2020-02-07,38,24,31,0
2020-02-08,37,28,32.5,0
2020-02-09,37,25,31,0.14
2020-02-10,39,26,32.5,0
2020-02-11,35,26,30.5,0
2020-02-12,37,24,30.5,0.18
2020-02-13,32,4,18,0.03
2020-02-14,15,-2,6.5,0
2020-02-15,33,7,20,0
2020-02-16,43,20,31.5,0
2020-02-17,41,28,34.5,0.13
2020-02-18,39,25,32,0
2020-02-19,31,16,23.5,0
2020-02-20,25,9,17,0
2020-02-21,38,12,25,0
2020-02-22,51,28,39.5,0
2020-02-23,55,35,45,0
2020-02-24,43,35,39,0
2020-02-25,41,33,37,0.06
2020-02-26,33,26,29.5,0.1
2020-02-27,32,21,26.5,0
2020-02-28,30,19,24.5,0
2020-02-29,37,17,27,0
2020-03-01,60,30,45,0
2020-03-02,50,34,42,0
2020-03-03,49,32,40.5,0
2020-03-04,49,32,40.5,0
2020-03-05,53,33,43,0
2020-03-06,40,28,34,0
2020-03-07,53,25,39,0
2020-03-08,67,42,54.5,0
2020-03-09,57,48,52.5,0.83
2020-03-10,51,35,43,0
2020-03-11,45,36,40.5,0
2020-03-12,58,37,47.5,0.01
2020-03-13,50,34,42,0
2020-03-14,40,33,36.5,0.01
2020-03-15,42,31,36.5,0
2020-03-16,40,30,35,0.04
2020-03-17,50,36,43,0
2020-03-18,46,39,42.5,0.29
2020-03-19,64,41,52.5,0.22
2020-03-20,63,31,47,0.06
2020-03-21,35,26,30.5,0
2020-03-22,37,26,31.5,0.16
2020-03-23,45,33,39,0.05
2020-03-24,49,34,41.5,0
2020-03-25,58,32,45,0
2020-03-26,52,38,45,0
2020-03-27,50,37,43.5,0.33
2020-03-28,67,44,55.5,1.48
2020-03-29,63,44,53.5,0
2020-03-30,51,39,45,0
2020-03-31,43,37,40,0
2020-04-01,53,38,45.5,0
2020-04-02,61,34,47.5,0
2020-04-03,70,46,58,0
2020-04-04,52,37,44.5,0.06
2020-04-05,52,35,43.5,0
2020-04-06,64,35,49.5,0.01
2020-04-07,80,51,65.5,0.04
2020-04-08,74,48,61,0.22
2020-04-09,50,36,43,0
2020-04-10,50,33,41.5,0
2020-04-11,63,42,52.5,0.17
2020-04-12,66,49,57.5,0.13
2020-04-13,56,34,45,0.02
2020-04-14,41,30,35.5,0
2020-04-15,40,27,33.5,0.1
2020-04-16,47,28,37.5,0
2020-04-17,42,34,38,0.29
2020-04-18,59,34,46.5,0
2020-04-19,62,39,50.5,0
2020-04-20,64,36,50,0.04
2020-04-21,53,36,44.5,0
2020-04-22,63,40,51.5,0.06
2020-04-23,57,43,50,0
2020-04-24,50,40,45,0
2020-04-25,47,42,44.5,0.19
2020-04-26,63,41,52,0
2020-04-27,68,40,54,0.16
2020-04-28,76,48,62,0.27
2020-04-29,61,43,52,1.89
2020-04-30,56,42,49,0.16
2020-05-01,68,38,53,0
2020-05-02,77,59,68,0
2020-05-03,74,48,61,0
2020-05-04,48,40,44,0
2020-05-05,49,40,44.5,0.09
2020-05-06,63,40,51.5,0
2020-05-07,66,45,55.5,0
2020-05-08,46,34,40,0
2020-05-09,59,31,45,0
2020-05-10,55,37,46,0.2
2020-05-11,52,41,46.5,0
2020-05-12,63,41,52,0
2020-05-13,69,42,55.5,0.08
2020-05-14,73,54,63.5,3.53
2020-05-15,79,54,66.5,0.68
2020-05-16,67,50,58.5,0.56
2020-05-17,68,53,60.5,3.11
2020-05-18,64,53,58.5,0
2020-05-19,59,52,55.5,0.25
2020-05-20,66,53,59.5,0
2020-05-21,70,57,63.5,0
2020-05-22,72,57,64.5,0
2020-05-23,82,55,68.5,0.52
2020-05-24,90,64,77,0
2020-05-25,88,69,78.5,0.18
2020-05-26,89,68,78.5,0.07
2020-05-27,87,72,79.5,0.03
2020-05-28,82,62,72,0.21
2020-05-29,76,58,67,0
2020-05-30,73,54,63.5,0
2020-05-31,69,50,59.5,0
2020-06-01,76,53,64.5,0.02
2020-06-02,94,67,80.5,0
2020-06-03,87,67,77,0.19
2020-06-04,88,70,79,0
2020-06-05,89,70,79.5,0
2020-06-06,76,59,67.5,0
2020-06-07,79,56,67.5,0
2020-06-08,90,62,76,0
2020-06-09,91,73,82,0.26
2020-06-10,84,62,73,0.3
2020-06-11,82,59,70.5,0
2020-06-12,75,54,64.5,0
2020-06-13,66,52,59,0
2020-06-14,68,53,60.5,0
2020-06-15,73,52,62.5,0
2020-06-16,86,57,71.5,0
2020-06-17,87,64,75.5,0
2020-06-18,90,66,78,0
2020-06-19,93,69,81,0
2020-06-20,91,71,81,0.19
2020-06-21,84,69,76.5,0
2020-06-22,88,67,77.5,1.55
2020-06-23,78,63,70.5,0
2020-06-24,81,61,71,0.04
2020-06-25,86,62,74,0
2020-06-26,81,70,75.5,1.55
2020-06-27,88,72,80,0
2020-06-28,85,72,78.5,0
2020-06-29,93,72,82.5,0.3
2020-06-30,91,73,82,0
2020-07-01,89,71,80,0
2020-07-02,91,69,80,0
2020-07-03,91,69,80,0
2020-07-04,89,71,80,0
2020-07-05,94,71,82.5,0
2020-07-06,95,75,85,0
2020-07-07,96,73,84.5,0.19
2020-07-08,93,74,83.5,0
2020-07-09,93,73,83,0.63
2020-07-10,86,71,78.5,0.33
2020-07-11,85,71,78,0
2020-07-12,79,68,73.5,0
2020-07-13,84,65,74.5,0
2020-07-14,86,68,77,0
2020-07-15,88,66,77,0.46
2020-07-16,85,68,76.5,0
2020-07-17,90,68,79,0
2020-07-18,91,77,84,0
2020-07-19,84,73,78.5,0.18
2020-07-20,87,68,77.5,0
2020-07-21,83,73,78,0.03
2020-07-22,88,70,79,0
2020-07-23,83,65,74,0
2020-07-24,87,65,76,0
2020-07-25,92,69,80.5,0
2020-07-26,96,76,86,0.06
2020-07-27,87,72,79.5,0.01
2020-07-28,89,69,79,0
2020-07-29,91,73,82,0.57
2020-07-30,83,68,75.5,0.09
2020-07-31,82,66,74,0
2020-08-01,80,69,74.5,0
2020-08-02,86,67,76.5,0.05
2020-08-03,72,61,66.5,0
2020-08-04,76,59,67.5,0
2020-08-05,78,56,67,0
2020-08-06,82,66,74,0
2020-08-07,86,62,74,0
2020-08-08,89,68,78.5,0
2020-08-09,93,73,83,0.06
2020-08-10,91,69,80,0.41
2020-08-11,85,66,75.5,0
2020-08-12,86,64,75,0
2020-08-13,87,69,78,0
2020-08-14,90,68,79,0
2020-08-15,91,69,80,0.25
2020-08-16,86,64,75,0
2020-08-17,86,69,77.5,0
2020-08-18,78,66,72,0
2020-08-19,84,62,73,0
2020-08-20,86,64,75,0
2020-08-21,88,67,77.5,0
2020-08-22,89,67,78,0
2020-08-23,92,70,81,0
2020-08-24,97,72,84.5,0
2020-08-25,91,72,81.5,0.03
2020-08-26,94,76,85,0
2020-08-27,95,78,86.5,0
2020-08-28,95,77,86,0
2020-08-29,82,66,74,0
2020-08-30,79,60,69.5,0
2020-08-31,85,66,75.5,0
2020-09-01,75,69,72,0.19
2020-09-02,88,69,78.5,0.05
2020-09-03,88,65,76.5,0
2020-09-04,80,56,68,0
2020-09-05,82,64,73,0
2020-09-06,83,59,71,0.6
2020-09-07,80,62,71,0.23
2020-09-08,65,60,62.5,0.64
2020-09-09,64,57,60.5,0.56
2020-09-10,68,55,61.5,0.18
2020-09-11,68,61,64.5,0.06
2020-09-12,73,63,68,0.25
2020-09-13,77,61,69,0.02
2020-09-14,77,58,67.5,0
2020-09-15,79,60,69.5,0
2020-09-16,84,63,73.5,0
2020-09-17,69,58,63.5,0
2020-09-18,61,49,55,0
2020-09-19,67,46,56.5,0
2020-09-20,73,48,60.5,0
2020-09-21,75,53,64,0
2020-09-22,79,54,66.5,0
2020-09-23,79,59,69,0
2020-09-24,79,58,68.5,0
2020-09-25,80,61,70.5,0
2020-09-26,79,64,71.5,0
2020-09-27,77,55,66,0.19
2020-09-28,63,51,57,0.21
2020-09-29,60,46,53,0
2020-09-30,67,52,59.5,0
2020-10-01,59,47,53,0.21
2020-10-02,55,42,48.5,0
2020-10-03,56,46,51,0.11
2020-10-04,57,40,48.5,0
2020-10-05,63,38,50.5,0
2020-10-06,75,52,63.5,0
2020-10-07,76,53,64.5,0
2020-10-08,70,50,60,0
2020-10-09,82,52,67,0
2020-10-10,77,57,67,0
2020-10-11,69,56,62.5,0
2020-10-12,67,50,58.5,0.11
2020-10-13,73,46,59.5,0
2020-10-14,79,47,63,0
2020-10-15,64,41,52.5,0
2020-10-16,53,37,45,0.01
2020-10-17,65,37,51,0
2020-10-18,60,40,50,0.18
2020-10-19,50,38,44,0.05
2020-10-20,53,38,45.5,0.19
2020-10-21,59,47,53,0.38
2020-10-22,78,47,62.5,1.67
2020-10-23,72,38,55,0.65
2020-10-24,49,34,41.5,0
2020-10-25,47,39,43,0
2020-10-26,39,34,36.5,0.06
2020-10-27,38,33,35.5,0.03
2020-10-28,51,31,41,0
2020-10-29,49,35,42,0
2020-10-30,44,31,37.5,0
2020-10-31,59,30,44.5,0
2020-11-01,55,30,42.5,0
2020-11-02,51,28,39.5,0
2020-11-03,69,39,54,0
2020-11-04,74,52,63,0
2020-11-05,71,55,63,0
2020-11-06,74,51,62.5,0
2020-11-07,72,54,63,0
2020-11-08,76,52,64,0
2020-11-09,76,63,69.5,0
2020-11-10,75,42,58.5,0.32
2020-11-11,45,35,40,0
2020-11-12,54,35,44.5,0.02
2020-11-13,46,30,38,0
2020-11-14,51,29,40,0.26
2020-11-15,55,34,44.5,0.07
2020-11-16,47,32,39.5,0
2020-11-17,42,29,35.5,0
2020-11-18,51,34,42.5,0
2020-11-19,66,48,57,0
2020-11-20,61,43,52,0
2020-11-21,48,36,42,0
2020-11-22,47,41,44,0
2020-11-23,46,33,39.5,0
2020-11-24,45,33,39,0.58
2020-11-25,47,44,45.5,0.47
2020-11-26,46,41,43.5,0
2020-11-27,45,33,39,0
2020-11-28,50,29,39.5,0
2020-11-29,49,37,43,0
2020-11-30,37,29,33,0
2020-12-01,35,25,30,0
2020-12-02,48,25,36.5,0
2020-12-03,44,30,37,0
2020-12-04,46,30,38,0
2020-12-05,41,29,35,0
2020-12-06,37,34,35.5,0
2020-12-07,38,33,35.5,0
2020-12-08,36,33,34.5,0
2020-12-09,53,32,42.5,0
2020-12-10,57,31,44,0
2020-12-11,44,36,40,0.82
2020-12-12,42,30,36,0.85
2020-12-13,36,27,31.5,0
2020-12-14,32,21,26.5,0
2020-12-15,34,18,26,0
2020-12-16,34,29,31.5,0
2020-12-17,35,27,31,0
2020-12-18,37,24,30.5,0
2020-12-19,43,36,39.5,0
2020-12-20,41,32,36.5,0
2020-12-21,46,33,39.5,0
2020-12-22,42,32,37,0
2020-12-23,58,26,42,0.17
2020-12-24,26,9,17.5,0
2020-12-25,22,8,15,0
2020-12-26,33,19,26,0
2020-12-27,47,25,36,0
2020-12-28,34,21,27.5,0
2020-12-29,32,18,25,0.52
2020-12-30,35,26,30.5,0.19
2020-12-31,29,18,23.5,0
2021-01-01,35,19,27,0.38
2021-01-02,35,28,31.5,0
2021-01-03,33,26,29.5,0.03
2021-01-04,30,24,27,0
2021-01-05,37,29,33,0
2021-01-06,39,31,35,0
2021-01-07,38,33,35.5,0
2021-01-08,36,30,33,0.02
2021-01-09,37,28,32.5,0
2021-01-10,29,24,26.5,0
2021-01-11,30,22,26,0
2021-01-12,37,27,32,0
2021-01-13,41,31,36,0
2021-01-14,40,32,36,0.14
2021-01-15,39,30,34.5,0.01
2021-01-16,36,30,33,0.07
2021-01-17,34,27,30.5,0.05
2021-01-18,30,23,26.5,0
2021-01-19,32,20,26,0.05
2021-01-20,34,13,23.5,0
2021-01-21,39,30,34.5,0
2021-01-22,30,12,21,0
2021-01-23,30,10,20,0
2021-01-24,34,27,30.5,0.02
2021-01-25,34,28,31,0.05
2021-01-26,32,25,28.5,0.48
2021-01-27,27,14,20.5,0
2021-01-28,26,8,17,0
2021-01-29,32,16,24,0
2021-01-30,34,29,31.5,0.36
2021-01-31,32,30,31,0.29
2021-02-01,33,22,27.5,0
2021-02-02,33,21,27,0
2021-02-03,36,17,26.5,0
2021-02-04,39,19,29,0.31
2021-02-05,19,8,13.5,0
2021-02-06,12,2,7,0.07
2021-02-07,5,-7,-1,0
2021-02-08,15,1,8,0.08
2021-02-09,18,0,9,0
2021-02-10,16,6,11,0.03
2021-02-11,21,2,11.5,0.01
2021-02-12,17,7,12,0.01
2021-02-13,12,-1,5.5,0.12
2021-02-14,4,-5,-0.5,0.03
2021-02-15,12,0,6,0.19
2021-02-16,20,7,13.5,0.01
2021-02-17,27,6,16.5,0
2021-02-18,26,17,21.5,0.04
2021-02-19,20,7,13.5,0
2021-02-20,29,5,17,0
2021-02-21,37,17,27,0.32
2021-02-22,40,26,33,0
2021-02-23,47,37,42,0
2021-02-24,45,32,38.5,0
2021-02-25,40,27,33.5,0
2021-02-26,43,24,33.5,0.02
2021-02-27,52,33,42.5,0
2021-02-28,49,34,41.5,0.01
2021-03-01,35,24,29.5,0
2021-03-02,43,22,32.5,0
2021-03-03,59,33,46,0
2021-03-04,37,27,32,0
2021-03-05,49,24,36.5,0
2021-03-06,48,26,37,0
2021-03-07,52,26,39,0
2021-03-08,62,44,53,0
2021-03-09,69,40,54.5,0
2021-03-10,69,57,63,0
2021-03-11,64,42,53,0.16
2021-03-12,54,37,45.5,0
2021-03-13,59,31,45,0
2021-03-14,48,36,42,0
2021-03-15,40,29,34.5,0.23
2021-03-16,38,33,35.5,0
2021-03-17,39,34,36.5,0.37
2021-03-18,43,36,39.5,0.06
2021-03-19,45,32,38.5,0
2021-03-20,58,28,43,0
2021-03-21,65,37,51,0
2021-03-22,68,46,57,0
2021-03-23,64,50,57,0.24
2021-03-24,58,46,52,0.01
2021-03-25,50,38,44,0.18
2021-03-26,45,35,40,0
2021-03-27,66,36,51,0
2021-03-28,51,35,43,0
2021-03-29,62,31,46.5,0
2021-03-30,68,44,56,0
2021-03-31,44,32,38,0
2021-04-01,40,24,32,0
2021-04-02,51,26,38.5,0
2021-04-03,71,40,55.5,0
2021-04-04,76,43,59.5,0
2021-04-05,76,60,68,0
2021-04-06,81,59,70,0
2021-04-07,82,60,71,0
2021-04-08,69,52,60.5,0.36
2021-04-09,62,51,56.5,0
2021-04-10,55,47,51,0.26
2021-04-11,56,45,50.5,0.01
2021-04-12,62,48,55,0
2021-04-13,54,42,48,0
2021-04-14,51,36,43.5,0
2021-04-15,56,39,47.5,0
2021-04-16,57,38,47.5,0
2021-04-17,56,35,45.5,0
2021-04-18,62,39,50.5,0
2021-04-19,52,40,46,0
2021-04-20,43,34,38.5,0
2021-04-21,50,33,41.5,0
2021-04-22,60,32,46,0
2021-04-23,62,43,52.5,0
2021-04-24,64,44,54,0
2021-04-25,47,39,43,0
2021-04-26,79,40,59.5,0
2021-04-27,87,50,68.5,0
2021-04-28,51,46,48.5,0.04
2021-04-29,71,48,59.5,0.04
2021-04-30,56,42,49,0
2021-05-01,85,42,63.5,0
2021-05-02,85,63,74,0
2021-05-03,73,58,65.5,0.07
2021-05-04,58,45,51.5,0
2021-05-05,61,41,51,0
2021-05-06,56,44,50,0.06
2021-05-07,60,39,49.5,0
2021-05-08,54,37,45.5,0.1
2021-05-09,57,40,48.5,0.12
2021-05-10,52,39,45.5,0
2021-05-11,56,36,46,0
2021-05-12,62,37,49.5,0
2021-05-13,70,41,55.5,0
2021-05-14,71,48,59.5,0
2021-05-15,62,55,58.5,0.01
2021-05-16,72,55,63.5,0
2021-05-17,70,56,63,0
2021-05-18,76,58,67,0.07
2021-05-19,75,65,70,0.04
2021-05-20,86,66,76,0
2021-05-21,86,69,77.5,0
2021-05-22,88,70,79,0
2021-05-23,82,56,69,0.02
2021-05-24,90,56,73,0
2021-05-25,85,68,76.5,0.03
2021-05-26,82,56,69,0.74
2021-05-27,59,49,54,0.03
2021-05-28,49,44,46.5,0.5
2021-05-29,60,45,52.5,0
2021-05-30,69,42,55.5,0
2021-05-31,70,54,62,0
2021-06-01,77,50,63.5,0
2021-06-02,78,55,66.5,0
2021-06-03,87,56,71.5,0
2021-06-04,91,71,81,0
2021-06-05,92,69,80.5,0
2021-06-06,89,72,80.5,0
2021-06-07,80,71,75.5,0
2021-06-08,91,71,81,0.01
2021-06-09,89,70,79.5,0
2021-06-10,90,66,78,0
2021-06-11,92,71,81.5,0
2021-06-12,93,68,80.5,1.5
2021-06-13,87,66,76.5,0
2021-06-14,83,65,74,0
2021-06-15,77,59,68,0
2021-06-16,77,56,66.5,0
2021-06-17,88,58,73,0.04
2021-06-18,90,67,78.5,0.21
2021-06-19,90,64,77,0
2021-06-20,82,62,72,1.85
2021-06-21,72,56,64,0
2021-06-22,73,54,63.5,0
2021-06-23,79,63,71,0.02
2021-06-24,76,68,72,0.46
2021-06-25,77,70,73.5,1.31
2021-06-26,82,70,76,0.63
2021-06-27,83,68,75.5,0
2021-06-28,82,66,74,0.17
2021-06-29,84,72,78,0.29
2021-06-30,83,70,76.5,0.29
2021-07-01,76,59,67.5,0
2021-07-02,73,57,65,0
2021-07-03,86,59,72.5,0
2021-07-04,89,70,79.5,0
2021-07-05,91,73,82,0
2021-07-06,91,77,84,0
2021-07-07,89,67,78,0
2021-07-08,68,61,64.5,0
2021-07-09,76,59,67.5,0
2021-07-10,76,63,69.5,0.11
2021-07-11,71,66,68.5,0.09
2021-07-12,74,67,70.5,0.04
2021-07-13,80,68,74,0
2021-07-14,84,69,76.5,0
2021-07-15,79,66,72.5,1.12
2021-07-16,73,65,69,0.04
2021-07-17,77,64,70.5,0
2021-07-18,82,63,72.5,0
2021-07-19,85,64,74.5,0
2021-07-20,88,67,77.5,0
2021-07-21,75,65,70,0
2021-07-22,86,64,75,0
2021-07-23,89,74,81.5,0
2021-07-24,92,75,83.5,0.12
2021-07-25,90,72,81,0
2021-07-26,94,70,82,0
2021-07-27,87,71,79,0
2021-07-28,88,70,79,0.21
2021-07-29,89,69,79,0.17
2021-07-30,73,65,69,0
2021-07-31,80,61,70.5,0
2021-08-01,76,62,69,0
2021-08-02,78,60,69,0
2021-08-03,83,62,72.5,0
2021-08-04,85,64,74.5,0
2021-08-05,87,66,76.5,0
2021-08-06,83,66,74.5,0.19
2021-08-07,89,67,78,0
2021-08-08,92,71,81.5,0.03
2021-08-09,83,70,76.5,0.64
2021-08-10,93,70,81.5,0.38
2021-08-11,88,72,80,0.09
2021-08-12,85,72,78.5,0
2021-08-13,84,70,77,0
2021-08-14,80,62,71,0
2021-08-15,80,60,70,0
2021-08-16,80,63,71.5,0
2021-08-17,84,66,75,0
2021-08-18,86,70,78,0
2021-08-19,88,72,80,0
2021-08-20,91,70,80.5,0
2021-08-21,88,73,80.5,0.6
2021-08-22,83,70,76.5,0
2021-08-23,87,67,77,0
2021-08-24,95,72,83.5,1.91
2021-08-25,94,71,82.5,0.39
2021-08-26,90,70,80,0
2021-08-27,91,73,82,0
2021-08-28,92,76,84,0
2021-08-29,89,72,80.5,0.28
2021-08-30,85,67,76,0
2021-08-31,82,66,74,0
2021-09-01,76,63,69.5,0
2021-09-02,78,62,70,0
2021-09-03,75,64,69.5,0.01
2021-09-04,73,63,68,0
2021-09-05,82,60,71,0
2021-09-06,82,61,71.5,0
2021-09-07,88,65,76.5,0
2021-09-08,79,59,69,0
2021-09-09,77,58,67.5,0
2021-09-10,80,59,69.5,0
2021-09-11,87,65,76,0
2021-09-12,87,68,77.5,0
2021-09-13,88,68,78,0
2021-09-14,86,66,76,0
2021-09-15,79,59,69,0
2021-09-16,82,57,69.5,0
2021-09-17,89,64,76.5,0.45
2021-09-18,77,66,71.5,0
2021-09-19,89,64,76.5,0
2021-09-20,82,70,76,0.08
2021-09-21,75,60,67.5,0.17
2021-09-22,63,56,59.5,0.4
2021-09-23,67,51,59,0
2021-09-24,79,52,65.5,0.12
2021-09-25,69,50,59.5,0
2021-09-26,83,54,68.5,0
2021-09-27,87,63,75,0
2021-09-28,73,60,66.5,0
2021-09-29,82,55,68.5,0
2021-09-30,80,59,69.5,0
2021-10-01,85,61,73,0
2021-10-02,80,66,73,0.02
2021-10-03,76,65,70.5,0.14
2021-10-04,73,64,68.5,0
2021-10-05,67,65,66,0
2021-10-06,68,64,66,0
2021-10-07,75,65,70,0.66
2021-10-08,75,62,68.5,0.01
2021-10-09,80,64,72,0.01
2021-10-10,79,70,74.5,0.02
2021-10-11,77,62,69.5,0.75
2021-10-12,65,56,60.5,0.01
2021-10-13,71,53,62,0.35
2021-10-14,71,56,63.5,0.16
2021-10-15,62,51,56.5,0.02
2021-10-16,59,44,51.5,0
2021-10-17,66,42,54,0
2021-10-18,72,45,58.5,0
2021-10-19,71,52,61.5,0
2021-10-20,72,53,62.5,0
2021-10-21,65,44,54.5,0
2021-10-22,56,41,48.5,0
2021-10-23,56,39,47.5,0
2021-10-24,51,39,45,1.85
2021-10-25,55,47,51,0.76
2021-10-26,57,41,49,0
2021-10-27,56,38,47,0
2021-10-28,57,48,52.5,0.44
2021-10-29,56,53,54.5,0.53
2021-10-30,59,45,52,0.04
2021-10-31,53,39,46,0
2021-11-01,49,35,42,0
2021-11-02,47,32,39.5,0
2021-11-03,45,29,37,0
2021-11-04,47,29,38,0
2021-11-05,52,34,43,0
2021-11-06,59,36,47.5,0
2021-11-07,65,41,53,0
2021-11-08,65,49,57,0
2021-11-09,58,42,50,0
2021-11-10,56,38,47,0
2021-11-11,57,41,49,0.44
2021-11-12,43,35,39,0.05
2021-11-13,39,33,36,0.03
2021-11-14,37,33,35,0.01
2021-11-15,36,30,33,0.01
2021-11-16,56,30,43,0
2021-11-17,61,40,50.5,0.13
2021-11-18,40,32,36,0
2021-11-19,40,26,33,0
2021-11-20,50,36,43,0
2021-11-21,55,30,42.5,0
2021-11-22,36,23,29.5,0
2021-11-23,43,24,33.5,0
2021-11-24,53,37,45,0.04
2021-11-25,48,23,35.5,0
2021-11-26,31,18,24.5,0
2021-11-27,42,30,36,0
2021-11-28,41,27,34,0
2021-11-29,41,27,34,0
2021-11-30,53,34,43.5,0
2021-12-01,49,34,41.5,0
2021-12-02,59,44,51.5,0
2021-12-03,51,37,44,0
2021-12-04,44,31,37.5,0
2021-12-05,41,34,37.5,0.26
2021-12-06,38,15,26.5,0
2021-12-07,26,13,19.5,0
2021-12-08,35,25,30,0
2021-12-09,46,28,37,0
2021-12-10,60,36,48,0.84
2021-12-11,58,32,45,0
2021-12-12,48,32,40,0
2021-12-13,49,33,41,0
2021-12-14,54,32,43,0.03
2021-12-15,66,50,58,0
2021-12-16,66,32,49,0
2021-12-17,40,26,33,0
2021-12-18,40,31,35.5,0.06
2021-12-19,37,28,32.5,0
2021-12-20,42,30,36,0
2021-12-21,40,23,31.5,0
2021-12-22,31,19,25,0
2021-12-23,46,27,36.5,0
2021-12-24,57,34,45.5,0
2021-12-25,55,31,43,0.03
2021-12-26,43,26,34.5,0.37
2021-12-27,46,32,39,0.32
2021-12-28,37,30,33.5,0.38
2021-12-29,36,28,32,0.01
2021-12-30,37,29,33,0
2021-12-31,43,33,38,0
2022-01-01,38,24,31,0.23
2022-01-02,28,13,20.5,0.04
2022-01-03,22,9,15.5,0
2022-01-04,35,22,28.5,0
2022-01-05,34,12,23,0
2022-01-06,15,4,9.5,0
2022-01-07,15,-1,7,0
2022-01-08,34,13,23.5,0.05
2022-01-09,34,9,21.5,0
2022-01-10,16,5,10.5,0
2022-01-11,36,4,20,0
2022-01-12,41,31,36,0
2022-01-13,40,29,34.5,0
2022-01-14,36,26,31,0.01
2022-01-15,26,16,21,0.02
2022-01-16,29,12,20.5,0.01
2022-01-17,28,22,25,0
2022-01-18,44,20,32,0
2022-01-19,40,10,25,0
2022-01-20,19,6,12.5,0
2022-01-21,25,6,15.5,0
2022-01-22,33,19,26,0.02
2022-01-23,21,7,14,0.24
2022-01-24,26,10,18,0.14
2022-01-25,12,0,6,0
2022-01-26,15,-6,4.5,0
2022-01-27,32,14,23,0
2022-01-28,26,11,18.5,0.08
2022-01-29,22,7,14.5,0
2022-01-30,31,11,21,0
2022-01-31,33,25,29,0
2022-02-01,46,32,39,0.09
2022-02-02,33,16,24.5,0.3
2022-02-03,24,16,20,0
2022-02-04,24,10,17,0.01
2022-02-05,20,4,12,0
2022-02-06,33,18,25.5,0
2022-02-07,31,18,24.5,0
2022-02-08,38,19,28.5,0
2022-02-09,41,32,36.5,0
2022-02-10,35,27,31,0.01
2022-02-11,44,28,36,0.08
2022-02-12,28,13,20.5,0
2022-02-13,20,12,16,0
2022-02-14,26,14,20,0
2022-02-15,45,22,33.5,0
2022-02-16,55,41,48,0.83
2022-02-17,41,16,28.5,0.22
2022-02-18,31,7,19,0
2022-02-19,25,9,17,0
2022-02-20,47,17,32,0
2022-02-21,48,32,40,0
2022-02-22,44,23,33.5,0.87
2022-02-23,23,15,19,0
2022-02-24,27,21,24,0.11
2022-02-25,31,18,24.5,0.07
2022-02-26,31,13,22,0
2022-02-27,43,26,34.5,0
2022-02-28,53,27,40,0
2022-03-01,54,36,45,0
2022-03-02,58,33,45.5,0
2022-03-03,36,28,32,0
2022-03-04,41,28,34.5,0
2022-03-05,69,39,54,0.12
2022-03-06,59,35,47,0.02
2022-03-07,36,30,33,0.35
2022-03-08,39,27,33,0
2022-03-09,41,27,34,0
2022-03-10,31,22,26.5,0.02
2022-03-11,31,16,23.5,0.01
2022-03-12,23,11,17,0
2022-03-13,51,21,36,0
2022-03-14,63,37,50,0
2022-03-15,54,36,45,0
2022-03-16,70,36,53,0
2022-03-17,73,47,60,0
2022-03-18,47,40,43.5,0.64
2022-03-19,43,37,40,0.06
2022-03-20,63,34,48.5,0
2022-03-21,74,42,58,0
2022-03-22,56,45,50.5,0.22
2022-03-23,58,46,52,0.37
2022-03-24,46,39,42.5,0.25
2022-03-25,47,35,41,0.01
2022-03-26,35,26,30.5,0
2022-03-27,36,22,29,0
2022-03-28,35,22,28.5,0
2022-03-29,44,29,36.5,0
2022-03-30,60,44,52,1.13
2022-03-31,48,33,40.5,0.49
2022-04-01,46,31,38.5,0
2022-04-02,42,33,37.5,0.34
2022-04-03,50,33,41.5,0.17
2022-04-04,52,40,46,0.09
2022-04-05,53,38,45.5,0.05
2022-04-06,56,43,49.5,0.76
2022-04-07,44,38,41,0.06
2022-04-08,41,33,37,0.32
2022-04-09,54,32,43,0
2022-04-10,64,32,48,0
2022-04-11,62,45,53.5,0
2022-04-12,69,40,54.5,0
2022-04-13,72,39,55.5,0.26
2022-04-14,51,35,43,0
2022-04-15,53,40,46.5,0.01
2022-04-16,49,32,40.5,0
2022-04-17,43,29,36,0.02
2022-04-18,41,33,37,0.15
2022-04-19,51,36,43.5,0
2022-04-20,52,41,46.5,0.24
2022-04-21,68,50,59,0.05
2022-04-22,53,46,49.5,0.8
2022-04-23,84,51,67.5,0
2022-04-24,73,54,63.5,0.41
2022-04-25,54,41,47.5,0
2022-04-26,51,34,42.5,0
2022-04-27,41,33,37,0
2022-04-28,50,38,44,0
2022-04-29,66,47,56.5,0.04
2022-04-30,69,51,60,1.54
2022-05-01,56,49,52.5,0
2022-05-02,54,48,51,0
2022-05-03,50,44,47,1.31
2022-05-04,56,39,47.5,0
2022-05-05,53,42,47.5,0.32
2022-05-06,53,47,50,0.29
2022-05-07,64,43,53.5,0
2022-05-08,65,43,54,0
2022-05-09,83,56,69.5,0
2022-05-10,89,69,79,0
2022-05-11,90,74,82,0
2022-05-12,91,74,82.5,0
2022-05-13,89,68,78.5,0
2022-05-14,86,67,76.5,0
2022-05-15,76,58,67,0
2022-05-16,78,54,66,0
2022-05-17,68,51,59.5,0
2022-05-18,60,52,56,0.29
2022-05-19,86,53,69.5,0.02
2022-05-20,86,58,72,0.46
2022-05-21,62,54,58,0.42
2022-05-22,63,50,56.5,0
2022-05-23,61,45,53,0
2022-05-24,66,49,57.5,0
2022-05-25,79,54,66.5,0.22
2022-05-26,77,64,70.5,0
2022-05-27,64,51,57.5,0.14
2022-05-28,74,49,61.5,0
2022-05-29,85,63,74,0
2022-05-30,89,70,79.5,0
2022-05-31,86,74,80,0
2022-06-01,74,59,66.5,0.18
2022-06-02,77,58,67.5,0.01
2022-06-03,81,58,69.5,0
2022-06-04,71,54,62.5,0
2022-06-05,77,58,67.5,0.01
2022-06-06,76,57,66.5,0.26
2022-06-07,72,56,64,0.07
2022-06-08,69,56,62.5,0.67
2022-06-09,78,53,65.5,0
2022-06-10,78,58,68,0.02
2022-06-11,73,59,66,0
2022-06-12,70,58,64,0
2022-06-13,89,57,73,0.88
2022-06-14,98,65,81.5,0
2022-06-15,96,76,86,0.25
2022-06-16,94,72,83,0.05
2022-06-17,84,64,74,0
2022-06-18,72,55,63.5,0
2022-06-19,85,52,68.5,0
2022-06-20,95,64,79.5,0
2022-06-21,99,73,86,0
2022-06-22,89,72,80.5,0
2022-06-23,85,65,75,0
2022-06-24,92,65,78.5,0
2022-06-25,77,67,72,0.24
2022-06-26,80,65,72.5,0
2022-06-27,80,60,70,0
2022-06-28,86,61,73.5,0
2022-06-29,88,66,77,0.02
2022-06-30,92,73,82.5,0
2022-07-01,82,67,74.5,0
2022-07-02,87,65,76,0
2022-07-03,88,68,78,0
2022-07-04,87,69,78,0.69
2022-07-05,94,69,81.5,0.52
2022-07-06,80,68,74,0.35
2022-07-07,86,68,77,0
2022-07-08,77,67,72,0
2022-07-09,76,63,69.5,0
2022-07-10,86,59,72.5,0
2022-07-11,85,71,78,0.01
2022-07-12,86,68,77,0
2022-07-13,80,64,72,0
2022-07-14,80,61,70.5,0
2022-07-15,72,66,69,0.82
2022-07-16,75,67,71,0
2022-07-17,77,69,73,0.02
2022-07-18,89,68,78.5,0
2022-07-19,90,71,80.5,0
2022-07-20,87,76,81.5,0
2022-07-21,92,69,80.5,0
2022-07-22,91,69,80,0
2022-07-23,86,68,77,1.77
2022-07-24,86,71,78.5,0.32
2022-07-25,76,64,70,0
2022-07-26,82,64,73,0
2022-07-27,83,70,76.5,0
2022-07-28,80,67,73.5,0
2022-07-29,81,62,71.5,0
2022-07-30,83,63,73,0
2022-07-31,85,66,75.5,0
2022-08-01,85,72,78.5,0
2022-08-02,90,68,79,0
2022-08-03,91,75,83,0
2022-08-04,83,69,76,0
2022-08-05,88,67,77.5,0
2022-08-06,95,74,84.5,0
2022-08-07,83,75,79,0.2
2022-08-08,81,65,73,0.24
2022-08-09,77,61,69,0
2022-08-10,85,60,72.5,0
2022-08-11,79,61,70,0
2022-08-12,77,58,67.5,0
2022-08-13,79,67,73,0
2022-08-14,77,66,71.5,0
2022-08-15,79,66,72.5,0
2022-08-16,81,62,71.5,0
2022-08-17,82,62,72,0
2022-08-18,84,61,72.5,0
2022-08-19,86,68,77,0
2022-08-20,77,65,71,0.61
2022-08-21,79,66,72.5,0.01
2022-08-22,85,64,74.5,0
2022-08-23,85,64,74.5,0
2022-08-24,85,67,76,0
2022-08-25,81,66,73.5,0.35
2022-08-26,78,63,70.5,0
2022-08-27,83,59,71,0
2022-08-28,89,68,78.5,0.38
2022-08-29,85,70,77.5,0.26
2022-08-30,80,65,72.5,0
2022-08-31,85,62,73.5,0
2022-09-01,88,67,77.5,0
2022-09-02,86,70,78,0
2022-09-03,88,68,78,0
2022-09-04,73,67,70,0
2022-09-05,70,64,67,0
2022-09-06,80,64,72,0
2022-09-07,81,63,72,0
2022-09-08,84,62,73,0
2022-09-09,84,62,73,0
2022-09-10,84,63,73.5,0
2022-09-11,71,58,64.5,1.45
2022-09-12,67,54,60.5,0.02
2022-09-13,78,60,69,0.01
2022-09-14,79,58,68.5,0
2022-09-15,81,60,70.5,0
2022-09-16,82,63,72.5,0
2022-09-17,85,68,76.5,0
2022-09-18,85,67,76,0.44
2022-09-19,78,63,70.5,0
2022-09-20,86,63,74.5,0.16
2022-09-21,85,60,72.5,0
2022-09-22,64,50,57,0
2022-09-23,64,50,57,0
2022-09-24,71,52,61.5,0.09
2022-09-25,68,55,61.5,0.03
2022-09-26,64,51,57.5,0
2022-09-27,61,46,53.5,0
2022-09-28,61,45,53,0
2022-09-29,64,44,54,0
2022-09-30,67,47,57,0
2022-10-01,68,50,59,0
2022-10-02,65,51,58,0
2022-10-03,70,45,57.5,0
2022-10-04,74,45,59.5,0
2022-10-05,76,48,62,0
2022-10-06,76,51,63.5,0.05
2022-10-07,57,40,48.5,0
2022-10-08,58,38,48,0
2022-10-09,69,42,55.5,0
2022-10-10,73,46,59.5,0
2022-10-11,69,50,59.5,0.47
2022-10-12,65,49,57,0.25
2022-10-13,55,38,46.5,0
2022-10-14,59,39,49,0.04
2022-10-15,53,35,44,0
2022-10-16,54,40,47,0
2022-10-17,43,36,39.5,0
2022-10-18,49,35,42,0
2022-10-19,48,33,40.5,0
2022-10-20,62,33,47.5,0
2022-10-21,76,43,59.5,0
2022-10-22,79,56,67.5,0
2022-10-23,79,62,70.5,0
2022-10-24,76,63,69.5,0
2022-10-25,70,46,58,0.74
2022-10-26,54,40,47,0.04
2022-10-27,54,37,45.5,0
2022-10-28,61,44,52.5,0
2022-10-29,67,39,53,0
2022-10-30,65,45,55,0.05
2022-10-31,57,50,53.5,0.02
2022-11-01,68,45,56.5,0
2022-11-02,72,43,57.5,0
2022-11-03,73,52,62.5,0
2022-11-04,72,61,66.5,0.1
2022-11-05,69,45,57,0.18
2022-11-06,61,45,53,0
2022-11-07,54,39,46.5,0
2022-11-08,54,44,49,0
2022-11-09,70,47,58.5,0
2022-11-10,76,60,68,0
2022-11-11,61,32,46.5,0
2022-11-12,36,32,34,0
2022-11-13,38,28,33,0
2022-11-14,42,27,34.5,0
2022-11-15,38,33,35.5,0.25
2022-11-16,37,31,34,0.04
2022-11-17,33,29,31,0
2022-11-18,30,21,25.5,0
2022-11-19,27,16,21.5,0
2022-11-20,34,13,23.5,0
2022-11-21,47,30,38.5,0
2022-11-22,52,26,39,0
2022-11-23,58,34,46,0
2022-11-24,54,35,44.5,0
2022-11-25,52,33,42.5,0
2022-11-26,56,34,45,0
2022-11-27,47,35,41,0.26
2022-11-28,46,29,37.5,0
2022-11-29,58,34,46,0.03
2022-11-30,35,20,27.5,0
2022-12-01,36,18,27,0
2022-12-02,53,36,44.5,0
2022-12-03,51,21,36,0
2022-12-04,40,19,29.5,0
2022-12-05,44,29,36.5,0
2022-12-06,43,36,39.5,0
2022-12-07,43,34,38.5,0
2022-12-08,41,30,35.5,0
2022-12-09,38,34,36,0.46
2022-12-10,40,37,38.5,0.02
2022-12-11,40,36,38,0
2022-12-12,42,35,38.5,0
2022-12-13,38,35,36.5,0.01
2022-12-14,44,37,40.5,1.38
2022-12-15,38,31,34.5,0.18
2022-12-16,31,26,28.5,0.02
2022-12-17,26,21,23.5,0
2022-12-18,21,14,17.5,0
2022-12-19,26,10,18,0
2022-12-20,33,18,25.5,0
2022-12-21,32,11,21.5,0
2022-12-22,33,-6,13.5,0.09
2022-12-23,-1,-8,-4.5,0
2022-12-24,14,-1,6.5,0
2022-12-25,14,2,8,0
2022-12-26,22,11,16.5,0
2022-12-27,25,8,16.5,0
2022-12-28,45,25,35,0
2022-12-29,59,43,51,0
2022-12-30,57,30,43.5,0
2022-12-31,39,26,32.5,0
